Name,Age,DOB
"Quine,Lisa Q.",28,56602
"Xenia,Kenny U.",85,35645
"Lennon,Imelda N.",5,64973
"Dunlap,Lawrence D.",11,62618
"Browning,Nellie F.",58,45316
"Gomez,Phil U.",5,64787
"Vanzetti,Heloisa O.",65,43025
"Anderson,Quigley J.",40,52164
"Bachman,Uma F.",97,31151
"Jafari,Elvira N.",85,35482
"Gaboriault,David L.",41,51878
"Noodleman,Jules Y.",73,39890
"Hammel,Norbert Z.",25,57439
"Kelvin,Robert I.",72,40544
"Humby,Sally M.",90,33885
"Orlin,Milhouse D.",34,54420
"Lepon,Brian S.",54,46785
"Edwards,Hannah E.",10,63005
"King,Norbert N.",56,46245
"Paraskiv,Keith O.",73,39956
"Ximines,Hannah J.",63,43807
"Eno,Mary O.",30,55649
"Xerxes,Robert X.",95,31823
"Rogers,Danielle B.",47,49427
"Feynman,Samantha Z.",27,56916
"Ott,Keith U.",53,47288
"Zubik,Will R.",48,49191
"Xiang,Nellie J.",33,54704
"Jaynes,Bill J.",82,36812
"Waters,David N.",30,55777
"Ipsen,Belinda M.",80,37441
"Townsend,Yan F.",86,35396
"Gaboriault,Terry L.",90,33923
"Brown,Pat U.",21,58932
"Ulman,Kim Q.",33,54802
"Yoders,Sophia E.",84,36136
"West,Alexandra D.",71,40740
"Anderson,Paul A.",55,46474
"Harrison,Dmitry K.",36,53456
"Evans,Roger L.",73,40156
"Nagel,Bart N.",77,38423
Bill. Buffalo,6,64662
"Allen,Zoe P.",95,31965
"Tillem,Wolfgang U.",33,54569
"Diavolo,Alice G.",72,40348
"Winters,Jane U.",44,50614
"Yoders,Chelsea D.",95,32154
"Feynman,Agnes K.",51,47895
"Orlin,Janice S.",49,48857
"Orwell,Christine G.",27,56911
"Ingleman,Barb I.",39,52469
"Zimmerman,Hannah I.",85,35779
"Schultz,Joshua F.",84,35936
"Xavier,Quentin Y.",20,59485
"Tweed,Mario O.",17,60545
"Roentgen,Al O.",5,64894
"Zweifelhofer,Patricia N.",4,65284
"Rodriguez,Mary Z.",58,45446
"Zemaitis,Dick U.",73,40075
"Levinson,Marvin W.",0,66756
"Pascal,Diane G.",11,62595
"Solomon,Josephine F.",92,33141
"Zevon,Usha S.",65,42899
"Newton,Danielle T.",39,52526
"Cooke,Andrew K.",0,66668
"Xiang,Roberta R.",46,49726
"Townsend,Milhouse R.",66,42675
"Eagleman,Mary T.",39,52397
"O'Donnell,Angela D.",98,30747
"Orwell,Keith Q.",62,44107
"Lepon,Alvin G.",58,45496
"Sands,Brendan X.",92,33017
"Johnson,Tara L.",80,37401
"Isaacs,Terry T.",23,58256
"Klein,Hannah S.",49,48905
"Geoffrion,Kyra G.",60,44928
"Page,Wilma S.",34,54225
"Vivaldi,Samantha C.",30,55580
"Avery,Debby J.",91,33606
"Finn,Thelma O.",26,57097
"Umansky,Michael A.",33,54475
"Zevon,Michael K.",66,42433
"Pascal,Chris N.",45,50241
"Black,Sophia I.",56,46155
"Ott,Emilio O.",24,57936
"DeSantis,Alvin S.",83,36355
Bill. Buffalo,17,60476
"Ingersol,Zoe N.",55,46474
"Eagleman,Lola X.",30,55606
"Ragon,Chad C.",22,58547
Bill. Buffalo,96,31765
"Faust,Mark X.",48,49302
"Rodriguez,Robert E.",47,49664
"Anderson,Stuart A.",49,48928
"Page,Brenda Z.",54,47119
"Wilson,Dave X.",87,34985
"Noodleman,Zeke K.",31,55396
"Xander,Wilma Q.",19,59622
"Hills,Alfred L.",52,47750
"Yoders,Usha U.",98,30992
"Schulte,Ashley I.",93,32734
"Ramsay,Susan D.",53,47490
"Emerson,Liza X.",3,65513
"Garcia,Molly R.",57,45820
"Nelson,Charlotte U.",16,60806
"Isaksen,Mary O.",36,53398
"Yoders,Wolfgang M.",4,65170
"Van De Griek,Jose X.",1,66291
"Yu,John L.",6,64321
"Hammel,Ted K.",5,64761
"Avery,Brenda K.",7,64087
"Emerson,Michelle K.",80,37624
"Donaldson,Christen K.",20,59426
"Eno,Maureen S.",80,37549
"Sato,Jules I.",88,34549
"Rodriguez,Dave Q.",4,65169
"Ng,Gertrude C.",83,36503
"Willeke,Alice Q.",94,32230
"Tesla,Mark C.",7,64213
"Yakulis,Ashley G.",1,66391
"Tesla,Martin H.",63,43669
"Donaldson,Chad G.",93,32692
"Yu,Barb E.",10,63021
"Rogers,Al R.",47,49456
"McCormick,Roger G.",11,62763
"Koivu,Michael F.",72,40413
"Evans,Kim G.",86,35094
"Schultz,Thelma A.",64,43390
"Browning,Michelle F.",22,58594
"Jafari,Kim T.",100,30318
"Nathanson,Alexandra C.",74,39715
"Eagleman,David I.",17,60458
"Chadbourne,Kirsten U.",90,33807
"Frith,Thelma J.",8,63733
"Petersburg,Jane Y.",31,55433
"Simpson,Nataliya M.",21,59169
"Orwell,Usha V.",40,51993
"Van De Griek,Heloisa B.",91,33363
"Tsatsulin,Neil U.",98,30857
"Xerxes,Richard Y.",42,51304
"Winters,Mary T.",19,59793
"Olsen,Patrick S.",93,32869
"Sato,Bill J.",87,35033
"O'Rielly,Sam J.",8,63734
"Ott,Valery W.",43,50942
"Yang,Michelle I.",1,66193
"Zevon,Jeff K.",74,39705
Bill. Buffalo,95,32018
"Mara,Umberto B.",32,55090
"Tesla,Maureen U.",35,54017
"Edison,Gertrude L.",35,53851
"Smith,James M.",12,62327
"Iacobelli,Jocelyn I.",79,37657
"Klausner,Filomena Q.",79,37844
"Tesla,Jocelyn P.",26,57270
"Hertz,Pam O.",97,31160
"Winters,Filomena T.",74,39558
"Press,Natasha V.",5,65011
Bill. Buffalo,13,61883
"Mailer,Lola M.",95,31861
"Van De Griek,Clint L.",98,30853
"Davis,Peter I.",40,51972
"Xenia,Molly C.",28,56275
"Xavier,Nataliya T.",95,32000
"North,Amanda K.",17,60304
"Vanzetti,Edgar I.",27,56882
"Edison,Andrew J.",50,48316
"Ironhorse,Uma Y.",48,49247
"Gold,Josephine Z.",23,58398
"Djakovic,Joe W.",65,42891
"Kelvin,Lawrence C.",12,62159
"Ingersol,Thelma U.",90,33698
"Press,Charlotte H.",73,40081
"Chadbourne,Edgar T.",85,35662
"Vanzetti,Jocelyn E.",93,32660
"Vanzetti,Bart N.",8,63605
"Campos,Buzz I.",16,60865
"Vanzetti,Yan O.",3,65620
"Anderson,John I.",45,50116
"Yang,Chris Y.",67,42334
"Eagleman,Kim O.",79,37742
"Kratzmann,Lola W.",67,42385
"Wells,William P.",65,43066
"Townsend,Brenda U.",5,64815
"Salm,Roger C.",100,30278
"Xenia,Jules Z.",33,54593
"Ximines,William V.",77,38610
"Hanson,Ted J.",53,47407
"Olsen,Jose D.",56,46237
"Iacobelli,Ted U.",12,62136
"Iacobelli,David K.",31,55221
"Gold,Zeke G.",31,55353
"O'Rielly,Linda Q.",67,42136
"Semmens,Diane E.",29,56043
"Beatty,Clint G.",80,37517
"Young,Brendan N.",6,64602
"Quincy,Peter B.",26,57274
"Zemaitis,Brian R.",47,49376
"Xerxes,Patricia P.",39,52287
Bill. Buffalo,53,47272
