"Name","Age","DOB"
"Browning,James F.",1951235049,"47745"
"Mastrolito,Diane J.",-654240514,"61883"
"Koenig,Paul F.",-1376505969,"44271"
"Ingleman,Linda J.",704602630,"39244"
"Orwell,James I.",1579717306,"51782"
"Dunlap,Orson P.",-1294783569,"64487"
"McCoy,Maureen H.",1943914258,"59960"
"O'Rielly,Angela G.",-889478372,"46040"
"Love,Filomena I.",738189227,"64176"
"Anderson,Rob P.",932854552,"51163"
"Diavolo,Paul U.",-558639980,"51505"
"Houseman,Quigley S.",-1913135311,"39534"
"Bukowski,Nataliya V.",2070412739,"60199"
"Feynman,Fred T.",-1080975744,"63996"
"Ingersol,Hannah X.",-212802540,"39335"
"Finn,Chad N.",282494816,"59536"
"Lee,Phil R.",-396246931,"36937"
"Tweed,Christen M.",-1846087703,"65742"
"Frith,Tara Z.",-11751783,"48093"
"Ubertini,Laura O.",1909658698,"60283"
"Ipsen,Thelma F.",1619029725,"45376"
"Emerson,Keith O.",1194290537,"32902"
"Williams,Marvin O.",1458650834,"34358"
"Isaksen,Peter P.",605067652,"37971"
"Frith,Paul Z.",-194157906,"64478"
